{
  "current_user": "ubuntu", 
  "infrastructure_stack_name": "infra_stack",
  "application_stack_name": "app_stack",
  "leader_nodes": [
    {
      "name": "vm01",
      "default_ip": "192.168.1.201",
      "ip": "192.168.1.201"
    }
  ],
  "worker_node_list": {
    "vm02": {
      "name": "vm02",
      "default_ip": "192.168.1.202",
      "ip": "192.168.1.202"
    },
    "vm03": {
      "name": "vm03",
      "default_ip": "192.168.1.203",
      "ip": "192.168.1.203"
    }
  },  
  "jenkins_node": {
    "name": "jenkins",
    "ip": "192.168.1.201"
  },
  "docker_registry": {
    "name": "docker_registry",
    "ip": "192.168.1.201",
    "port": "5000"
  }
}